A,y
B,y
C,y
D,y
E,y
F,y
G,y
H,y
I,y
J,y
K,y
L,y
M,y
N,y
O,y
P,y
Q,y
R,y
S,y
T,y
U,y
V,y
W,y
X,y
Y,y
Z,y
rightarrow,y
0,y
1,y
2,y
3,y
4,y
5,y
6,y
7,y
8,y
9,y
pi,y
alpha,y
beta,y
sum,n
sigma,y
a,y
b,y
c,y
d,y
e,y
f,y
g,y
h,y
i,y
j,y
k,y
l,y
m,y
n,y
o,y
p,y
q,y
r,y
s,y
u,y
v,y
w,y
x,y
y,y
z,y
Sigma,y
gamma,y
Gamma,y
delta,y
Delta,y
zeta,y
eta,y
theta,y
Theta,y
epsilon,y
varepsilon,y
iota,y
kappa,y
varkappa,y
lambda,y
Lambda,y
mu,y
nu,y
xi,y
Xi,y
Pi,y
rho,y
varrho,y
tau,y
phi,y
Phi,y
varphi,y
chi,y
psi,y
Psi,y
omega,y
Omega,y
partial,y
int,y
cdot,y
leq,y
geq,y
<,y
>,y
subset,y
supset,y
subseteq,y
supseteq,y
cong,y
propto,n
-,y
+,y
mathbb{R},y
$,y
{,y
copyright,n
dots,y
},y
dag,y
pounds,n
&,y
hash,y
%,y
checkmark,y
circledR,n
mathsection,y
amalg,n
cup,y
oplus,y
times,y
ast,y
triangleleft,y
otimes,y
triangleright,y
diamond,y
pm,y
div,y
bullet,y
setminus,y
uplus,n
cap,y
mp,y
sqcap,y
vee,y
odot,y
sqcup,y
wedge,y
circ,y
ominus,y
star,y
wr,y
barwedge,n
circledcirc,n
boxdot,y
ltimes,y
boxplus,y
boxtimes,y
rtimes,y
circledast,n
lhd,n
prod,n
coprod,y
oint,y
parr,n
with,n
fint,n
varoiint,n
oiint,n
approx,y
equiv,y
notequiv,y
perp,y
asymp,n
frown,n
prec,n
succ,n
bowtie,y
preceq,n
succeq,n
mid,n
vdash,n
dashv,n
models,n
sim,y
doteq,n
parallel,y
simeq,n
backsim,n
multimap,n
pitchfork,n
therefore,n
because,n
between,n
preccurlyeq,n
varpropto,n
Vdash,n
vDash,n
nmid,y
nvDash,n
sqsubseteq,n
nsubseteq,y
subsetneq,y
varsubsetneq,n
neq,y
geqslant,n
gtrless,n
lesssim,n
gtrsim,n
leqslant,n
trianglelefteq,n
blacktriangleright,n
triangleq,n
Downarrow,y
downarrow,y
Rightarrow,y
hookrightarrow,y
Longleftrightarrow,n
searrow,y
longmapsto,n
leftarrow,y
Longrightarrow,n
uparrow,y
Leftarrow,y
longrightarrow,y
Leftrightarrow,n
mapsto,y
leftrightarrow,y
nearrow,y
rightleftharpoons,n
rightharpoonup,n
leadsto,y
circlearrowleft,y
rightleftarrows,y
circlearrowright,y
rightrightarrows,y
rightsquigarrow,n
curvearrowright,y
twoheadrightarrow,y
nRightarrow,n
nrightarrow,n
upharpoonright,n
mapsfrom,n
shortrightarrow,n
lightning,y
vartheta,y
varpi,n
bot,n
forall,y
ni,y
top,n
ell,n
hbar,y
in,y
notin,y
wp,y
exists,y
Im,y
Re,y
nexists,y
langle,y
rangle,y
lceil,y
rceil,y
lfloor,y
rfloor,y
[,y
],y
|,y
/,y
llbracket,n
rrbracket,n
vdots,n
ddots,n
dotsc,n
aleph,y
infty,y
prime,y
angle,y
diamondsuit,n
sharp,n
backslash,n
emptyset,y
nabla,y
flat,y
clubsuit,n
heartsuit,n
neg,y
triangle,y
sqrt{},y
sphericalangle,n
square,y
triangledown,y
blacksquare,n
lozenge,n
varnothing,n
vartriangle,n
iddots,n
mathcal{A},y
mathcal{B},y
mathcal{C},y
mathcal{D},y
mathcal{E},y
mathcal{F},y
mathcal{G},y
mathcal{H},y
mathcal{L},y
mathcal{M},y
mathcal{N},y
mathcal{O},y
mathcal{P},y
mathcal{R},y
mathcal{S},y
mathcal{T},y
mathcal{U},y
mathcal{X},y
mathcal{Z},n
mathfrak{A},y
mathfrak{M},y
mathfrak{S},y
mathfrak{X},y
mathbb{1},n
mathds{1},y
mathds{C},y
mathds{E},y
mathds{N},n
mathds{P},y
mathds{Q},n
mathds{R},y
mathds{Z},n
mathscr{A},y
mathscr{C},y
mathscr{D},y
mathscr{E},y
mathscr{F},y
mathscr{H},y
mathscr{L},y
mathscr{P},y
mathscr{S},y
celsius,n
degree,n
ohm,n
venus,n
mars,n
astrosun,n
fullmoon,n
leftmoon,n
female,n
male,n
checked,n
diameter,n
sun,n
Bowtie,n
mathbb{Q},y
mathbb{N},y
mathbb{Z},y
mathbb{H},y
ss,y
aa,n
AA,n
ae,y
AE,y
guillemotleft,n